USD,SENT,Price
81.35,-32.19132014,112.24
80.77,-149.5199542,111.26
81.52,-198.907999,110.44
81.52,-316.7351454,111.2
81.18,-311.9620373,111.53
80.61,-491.7870751,110.66
80.22,-525.8452065,111.55
80.22,-445.0230668,109.86
79.78,-630.4669116,110.58
79.87,-766.809603,110.03
79.58,-831.331471,109.81
79.39,-924.5236632,110.79
78.9,-860.7019276,111.46
79.17,-862.6208353,110.75
79.29,-959.8861051,110.98
78.92,-987.5975468,111.56
78.99,-960.5891437,112.07
78.92,-949.1762251,114.58
79.07,-1089.452259,115.93
78.58,-1136.623636,116.23
78.64,-1092.280561,117.2
78.57,-1112.297041,118.59
79.11,-1209.750791,117.31
78.95,-1248.458743,117.93
79.58,-1259.158074,118.16
79.67,-1172.552431,118.93
79.35,-1101.601423,120.11
79.33,-952.1105004,119.58
79.33,-908.3296514,120.05
79.04,-1045.450982,121.66
79.21,-1078.729038,122.9
78.82,-978.5745493,123.62
78.35,-889.2629724,125.47
78.57,-929.9036941,124.17
78.27,-972.6160502,121.55
78.74,-974.5772063,122.66
78.79,-948.6779728,126.2
79.4,-889.2905883,123.65
79.3,-882.4071346,123.8
79.87,-1106.796003,121.98
79.71,-1120.383548,124.12
79.14,-1116.186688,125.44
80.04,-1168.811409,125.98
79.89,-1230.237127,125.34
80.19,-1339.218689,126.22
80.56,-1288.192476,124.97
80.15,-1342.67129,123.55
79.79,-1382.91861,125.81
79.45,-1468.054396,125.71
79.59,-1457.76683,124.12
79.66,-1515.346211,124.2
79.74,-1527.372666,123.14
79.34,-1485.592148,125.13
78.98,-1526.498326,125.65
79.05,-1567.266413,125.54
79.13,-1520.479117,124.16
79.19,-1586.459757,122.39
79,-1549.198736,122.88
78.82,-1618.617178,125.43
79.48,-1587.620801,124.86
79.78,-1626.239538,122.34
80.08,-1608.605918,123.43
79.73,-1706.254765,122.67
79.89,-1884.221705,119.88
79.8,-1846.794796,120.18
79.28,-1741.707465,121.71
79.89,-1719.431181,121.83
79.56,-1709.715689,118.68
79.48,-1894.915703,118.78
79.54,-1943.120114,117.97
79.56,-1935.315466,118
79.19,-1987.841775,118.76
79.42,-2102.184076,118.71
79.22,-2103.090529,118.16
79.01,-2334.667186,119.12
78.92,-2326.209548,119.92
78.71,-2346.885653,119.83
78.78,-2331.061822,119.47
78.86,-2385.269016,119.66
79.13,-2415.208965,118.2
79.22,-2487.883365,116.08
79.5,-2451.577202,113.18
79.6,-2527.368339,113.16
79.74,-2638.047203,112.73
80.08,-2818.982098,113.2
80.11,-2788.250096,112.73
80.26,-2734.736522,112.26
80.61,-2785.215934,111.57
81.22,-2814.262384,112.24
81.37,-2970.687702,111.71
81.38,-3049.568006,107.49
81.29,-3011.719442,107.14
81.08,-2923.448899,108.81
81.49,-3001.275549,108.41
82.09,-2958.494535,105.56
82.35,-2886.815041,106.55
82.4,-2782.43841,106.83
82.4,-2706.316482,107.11
82.48,-2742.498334,106.68
83.02,-2747.147304,103.47
83.04,-2717.060448,101.87
82.89,-2686.15585,98.43
82.56,-2679.182355,98.85
82.83,-2773.889072,98.84
82.32,-2794.075485,100.64
82.05,-2770.80928,99.93
82.51,-2743.302582,99.47
82.52,-2560.044542,98
82.42,-2520.029803,97.14
82.06,-2261.210403,97.13
81.99,-2202.29467,97.03
81.63,-2162.820231,97.61
81.95,-2279.652324,96.05
81.38,-2290.251473,95.76
81.58,-2292.141953,92.69
82.29,-2216.782676,89.23
82.26,-2077.761247,90.98
82.5,-2019.830942,91.01
82.37,-2034.363012,93.02
82.62,-2046.988628,93.5
82.81,-2169.480453,91.36
81.63,-2118.154476,97.8
81.87,-2097.343545,97.34
81.78,-2100.305765,100.68
81.78,-2058.749168,99.77
82.81,-2072.493705,100.7
83.38,-2096.205983,98.19
83.16,-2033.814928,100.32
83.4,-2009.308846,97.97
83.57,-1860.683897,100.23
83.66,-1889.103315,101.07
83.35,-1872.116474,102.4
83.1,-1841.295309,103.55
83.03,-1824.023964,104
83.07,-1804.620738,105.16
82.88,-1748.622517,107.8
83.48,-1761.863945,106.83
83.71,-1799.574888,103.26
84,-1938.346974,103.42
83.52,-1990.142262,104.38
82.81,-2001.214406,105.26
82.71,-1977.074285,106.47
82.79,-1963.146262,106.2
82.64,-1979.222534,104.92
83.06,-1919.904828,105.96
83.36,-2054.618395,105.9
82.38,-2063.077414,108.94
82.27,-2041.823964,109.55
82.21,-1932.702179,112
82.39,-1818.819738,112.14
82.64,-1790.055387,113.22
82.55,-1908.989092,112.95
82.44,-1882.885328,113.6
82.48,-1967.911732,114.03
82.64,-1953.187928,116.25
82.36,-1993.452423,116.9
82.6,-2063.713225,113.71
82.46,-2121.219928,113.7
81.91,-2081.365522,114.64
81.49,-2085.77987,114.91
81.36,-2027.22008,115.01
81.59,-2034.188509,113.59
81.66,-2021.889132,112.26
81.37,-2030.153836,112.58
81.55,-2091.102141,112.54
81.69,-2029.729447,112.65
81.21,-1940.282148,114.57
81.21,-1969.485344,115.78
81.31,-1926.118697,114.18
81.23,-1877.535736,113.09
81.04,-1753.201809,113.49
80.25,-1773.188075,114.25
80.36,-1883.564344,114.81
79.86,-1780.069277,115.4
79.74,-1714.87521,115.96
79.26,-1685.365427,116.9
78.85,-1599.789692,116.66
79.01,-1578.462244,113.79
79.25,-1587.86295,112.03
79.06,-1641.038788,108.19
79.41,-1632.126145,110.03
79.33,-1646.721361,111.42
79.52,-1686.383381,109.81
79.55,-1730.549047,110.45
79.89,-1626.214059,110.04
79.55,-1648.194528,112.01
79.94,-1689.041473,112.39
79.82,-1723.834597,112.19
79.74,-1899.713879,111.57
79.97,-1693.366499,108.17
79.35,-1726.994727,112.58
79.34,-1753.977722,112.02
79.54,-1846.869613,111.82
79.95,-1934.438683,114.5
79.92,-2014.941758,114.33
79.78,-1984.275516,115.71
79.67,-1941.834409,114.62
79.74,-1859.604903,115.8
79.41,-1791.320366,115.07
79.02,-1904.838284,113.22
79.37,-2030.926051,112.42
79.62,-2060.916133,110.14
79.65,-2183.166716,109.44
79.98,-2366.576775,108.25
79.91,-2407.058758,107.85
80.04,-2445.081066,108.49
80.07,-2491.884759,109.55
80.23,-2530.529734,109.44
79.93,-2587.030205,109.08
79.92,-2531.561576,108.7
80.05,-2580.538361,108.17
80.59,-2577.122015,105.68
80.75,-2573.301163,107.73
80.61,-2538.244417,111.07
80.76,-2698.394797,106.82
80.79,-2723.984959,107.25
81.03,-2673.973042,109.4
81.03,-2691.524084,109.07
81.08,-2833.622002,108.26
81.06,-2817.502852,109.61
81.08,-2870.104699,110.98
81.26,-2816.179143,108.95
80.87,-2872.288666,111.7
80.96,-2916.875317,109.83
80.93,-2862.156533,110.86
80.7,-2850.68357,110.55
80.19,-2789.96135,111.38
80.25,-2790.349131,110.92
80.4,-2838.839478,109.87
80.34,-2745.126028,109.51
80.2,-2860.307852,110.76
80.15,-2857.481465,111.23
79.88,-2871.667249,110.92
79.64,-2888.44005,109.84
79.77,-2828.139089,108.81
80.26,-2823.204644,107.03
80.41,-2814.904237,107.02
80.33,-2835.130856,107.33
80.06,-2889.082713,108.01
79.81,-2882.980251,109.5
79.93,-2904.597909,107.91
79.58,-2860.605014,109.15
79.57,-2791.927853,107.64
79.36,-2831.024562,108.84
79.27,-2827.829778,110.36
79.26,-2856.239568,110.2
79.62,-2940.552411,108.97
79.64,-2967.016261,108.8
79.62,-2935.945684,111.07
79.62,-2927.349525,110.8
79.68,-2983.009153,110.62
79.77,-3003.710698,111.11
79.84,-3021.107106,112.47
80.38,-3059.452685,112.14
80.5,-3062.072006,111.31
80.26,-3045.905505,111.4
80.34,-3061.334297,111.94
80.56,-3166.50643,111.76
79.74,-3192.901402,111.89
79.56,-3177.942954,110.64
79.49,-3122.696535,111.88
79.78,-3233.03123,110.3
79.8,-3124.587957,110.61
79.65,-3105.270252,111.1
80.04,-3027.613244,111.89
80.04,-3005.079602,111.71
79.87,-2935.777901,112.42
79.92,-3015.625754,112.8
79.95,-3023.280638,113.28
79.75,-3069.8153,113.28
79.78,-3070.702666,113.48
79.56,-2960.330135,114.36
79.28,-2953.526331,114.9
79.21,-2931.881416,115.55
79.13,-2827.751048,116.76
79.55,-2884.728408,115.6
79.49,-2937.775316,116.52
79.72,-2927.659768,116.73
80.19,-2877.755149,117.24
80.25,-2904.825057,118.9
80.31,-2861.25803,118.13
80.11,-2748.753176,118.66
80.09,-2815.935422,118.72
80.46,-2755.253161,118
80.58,-2809.805318,117.66
80.58,-2821.210898,117.38
80.47,-2762.760143,117.52
81.07,-2829.931752,115.6
81.46,-2904.042896,113.53
81.48,-3008.671583,114.1
81.67,-2949.156627,114.44
81.87,-3000.094328,112.71
81.6,-3001.123798,111.87
81.95,-3000.741559,111.38
82.31,-3048.912263,110.4
82.19,-3112.15107,110.09
82.09,-3299.181588,111.61
82.46,-3348.812074,111.06
82.08,-3394.435193,111.15
82.7,-3384.223506,110.85
82.57,-3368.369436,110.22
82.58,-3536.290314,109.65
82.89,-3594.120899,108.52
82.61,-3585.36013,109.42
82.26,-3660.079152,109.82
82.69,-3863.410121,109.51
82.99,-3638.395598,107.45
82.78,-3637.889915,108.72
82.74,-3610.119261,107.47
82.38,-3596.731251,107.66
82.83,-3796.525267,108.17
82.88,-3857.168996,109.36
83.22,-3821.001576,109.69
83,-3835.93442,110.02
82.73,-3816.451684,111.08
82.92,-3734.393437,110.69
82.72,-3857.22397,107.11
82.68,-3691.771672,106.34
82.5,-3796.143699,104.12
82.75,-3640.935271,104.66
82.31,-3733.390935,106.23
82.53,-3893.692511,105.79
82.25,-3840.113968,104.27
82.31,-3892.274289,103.11
82.42,-3770.216602,100.39
81.75,-3720.247698,99.91
82.68,-3748.283463,97.69
82.56,-3744.996651,99.13
82.71,-3836.116475,99.65
82.68,-3814.50407,100.39
83.05,-3858.978936,100.31
83.05,-3981.001559,101.73
82.74,-3933.33301,103.41
82.5,-4000.509669,103.16
82.15,-3897.441358,103.81
81.75,-3998.194551,102.37
81.48,-4018.310236,99.95
82.22,-4017.616547,102.85
82.13,-3870.100963,104.19
82.31,-4067.448154,105.46
82.25,-4060.780698,104.4
81.9,-3948.586783,104.34
82.79,-4051.554144,104.47
83.14,-4012.167994,103.91
83.28,-4212.788814,102.82
83.59,-4284.977594,102.6
83.83,-4298.804981,103.68
83.59,-4192.695952,103.8
84.25,-4224.336086,104.64
83.74,-4079.336987,104.8
83.86,-4199.144951,103.91
84.35,-4226.144719,102.6
83.8,-4366.492528,102.44
83.7,-4368.134113,102.64
83.7,-4498.913068,102.62
84.1,-4359.421218,104.23
83.66,-4572.093143,102.43
83.04,-4642.027332,102.19
83.38,-4601.876475,100.39
82.66,-4584.935813,102.06
82.77,-4537.751925,103.24
82.59,-4463.92147,103.04
81.54,-4659.311782,103.61
81.67,-4650.333265,104.56
81.65,-4682.01917,103.95
81.11,-4954.733729,102.96
80.95,-4980.806666,103.49
80.75,-4870.166669,104.25
80.67,-4830.36893,105.93
80.79,-5021.173744,105.47
80.75,-5169.834533,106.02
81.43,-5219.085713,106.12
81.92,-5237.479405,102.15
82.32,-5270.743686,100.91
82.42,-5107.7938,101.16
82.58,-5180.211543,101.26
82.98,-5147.327849,101.66
82.9,-5173.293018,102.82
83.14,-5189.642773,102.16
83.05,-5201.104745,103
83.54,-5450.971881,104
83.23,-5445.617456,105.76
83.23,-5498.978744,105.54
84.45,-5564.782679,107.72
84.19,-5534.752417,107.43
84.58,-5610.739054,107.81
84.04,-5245.431383,108.51
82.75,-5186.720866,107.73
82.99,-5207.341503,108.81
83.04,-5305.68275,109.09
82.5,-5276.782254,109.4
82.71,-5245.27261,108.61
82.82,-5186.032142,108.7
82.61,-5224.598194,108.07
82.22,-5288.132031,108.15
81.94,-5203.109216,108.42
82.29,-5210.085081,107.19
81.97,-5089.428173,107.65
81.66,-5020.992702,107.17
81.66,-5036.522747,107.45
81.83,-5017.554373,106.91
81.45,-4955.166816,107.7
82.34,-4980.121438,109.54
81.91,-4933.23871,108.95
81.88,-4986.128683,108.7
81.6,-4987.000031,108.18
81.29,-5004.323347,107.44
80.98,-4830.97793,106.68
81.13,-4682.390683,108.22
81.33,-4600.30338,108.97
81.77,-4493.809863,109.82
81.71,-4442.040746,110.2
81.18,-4489.979918,111.11
81.26,-4556.105745,110.4
81.23,-4547.980442,109.9
80.91,-4512.320396,110.15
81.21,-4355.287246,109.81
81.49,-4310.534185,109.9
81.36,-4202.437598,111.04
81.41,-4229.164776,110.73
81.17,-4190.210288,114.36
81.43,-4161.324371,116.61
81.95,-4180.731506,115.16
82.09,-3925.479979,114.01
82.09,-3879.698398,114.33
82.36,-3878.309615,115.68
82.17,-3879.005028,114.91
82.63,-3824.834378,115.26
82.15,-3881.149885,116.12
81.79,-3959.201016,113.72
81.82,-3800.295047,111.25
81.52,-3906.615513,111.5
81.49,-3914.535577,112.63
81.45,-3846.629795,112.78
81.3,-3923.726846,110.07
81.14,-3937.903742,108.19
80.24,-3821.728093,110.6
80.37,-3727.677545,108.76
80.43,-3727.379253,109.22
80.45,-3612.618382,108.16
80.56,-3717.138221,108.64
80.33,-3612.476216,108.32
80.52,-3663.367008,109.21
80.27,-3517.684252,108.63
80.22,-3493.931584,108.37
80.14,-3494.568048,107.94
79.9,-3521.256392,109.19
79.75,-3497.374052,109
80.12,-3424.917895,109.46
79.94,-3454.586677,109.68
80.06,-3303.564269,110.16
80.38,-3313.085281,109.06
80.42,-3253.106457,111.8
80.36,-3288.04562,111.28
80.26,-3040.641838,111.04
80.48,-3030.096381,109.96
80.47,-3071.435326,110.86
79.65,-3127.461882,109.11
79.65,-3240.352295,109.94
79.69,-3421.058363,109.64
79.23,-3511.827838,109.97
79.26,-3530.210522,107.8
79.19,-3633.080553,106.99
79.19,-3698.386658,106.93
79.25,-3675.634835,109.61
79.61,-3568.923609,109.01
79.78,-3568.419452,109.86
80.19,-3536.912132,108.84
80.72,-3475.64404,105.91
80.55,-3361.175745,106.23
80.71,-3429.164138,105.33
80.48,-3469.991609,105.24
80.84,-3418.15907,103.46
81.3,-3426.529638,105.12
81.09,-3482.153825,106.4
81.19,-3488.549628,105.81
80.93,-3724.680905,107.12
81.02,-3670.06628,108.54
80.85,-3611.321109,108.5
80.83,-3818.344432,108.47
80.7,-3817.427701,106.92
81.11,-3939.460252,108.06
81.07,-4029.441027,110.08
80.71,-4001.304337,111.05
80.92,-3915.034071,111
80.61,-3999.592617,110.88
80.72,-4175.871056,111.31
80.58,-4206.278247,110.86
80.68,-4059.004955,109.69
80.92,-4009.466666,111.45
80.61,-4008.874683,112.62
80.62,-3874.706924,111.88
80.23,-3914.47052,110.98
80.31,-3929.067509,111.61
80.13,-3928.664561,109.39
79.97,-3988.0482,109.38
79.89,-3956.541388,109.7
80.21,-3954.83692,108.67
80.21,-3912.573211,108.83
80.07,-3897.006216,110.47
80.06,-3851.499365,108.44
80.11,-3685.371561,109.63
80.63,-3702.070884,110.29
80.58,-3771.801064,111.77
80.45,-3820.659791,111.56
80.53,-3678.274256,111.9
80.48,-3687.947631,111.98
80.39,-3687.097864,112.18
80,-3809.274794,111.21
80.03,-3744.189959,110.8
80.63,-3719.271544,107.78
80.79,-3659.556693,106.89
80.65,-3808.112427,106.73
80.83,-4121.69499,107.35
81.02,-4174.499939,107.15
81,-4167.538902,106.39
80.66,-4249.047271,107.25
80.51,-4128.251086,106.75
80.66,-4048.358001,106.39
81.03,-4212.13351,107.13
80.91,-4222.188724,107.09
81.22,-4301.139531,106.48
81.22,-4218.990685,106.35
81.1,-4126.114849,106.73
81.17,-4267.605948,108.27
80.44,-4164.451139,107.58
80.46,-4293.923462,107.88
80.52,-4335.842422,106.69
80.57,-4268.580409,107.41
80.5,-4320.451946,107.85
81.08,-4221.417184,107.95
81.31,-4178.965216,106.4
81.01,-4206.498627,106.04
81.12,-4304.932774,105.78
81.04,-4367.597056,106.25
80.91,-4425.786414,107.19
80.69,-4462.329446,109.57
80.64,-4447.754597,108.63
80.64,-4454.133952,108.68
80.68,-4099.886942,108.79
80.32,-4204.525769,108.73
80.14,-4196.034664,109.08
80.14,-4111.747011,109.18
80.01,-4123.585139,110.46
80.14,-4216.431963,110.47
80.29,-4267.008974,110.3
80.24,-4264.139209,109.85
80.2,-4257.757654,110.64
80.14,-4437.590534,109.51
80.43,-4455.672563,109.52
80.28,-4451.643951,108.96
79.69,-4489.607778,109.07
80.08,-4544.282958,111.2
80.17,-4611.857834,109.3
80.11,-4543.477701,107.76
79.66,-4617.046856,108.1
79.72,-4668.880736,109
79.77,-4776.612722,108.08
79.74,-4778.093458,108.55
79.61,-4730.642897,108.02
79.62,-4630.790498,107.39
79.45,-4662.484476,108.57
79.39,-4650.859859,106.24
79.41,-4772.119806,106.79
80.02,-4838.385861,105.85
80.19,-4761.046234,106.45
80.12,-4826.124298,106.92
79.95,-4370.108234,106.81
79.94,-4462.215683,106.99
80.01,-4250.807663,107.03
80.13,-4107.640553,107.83
80.18,-4039.510496,108.07
80.11,-3928.000791,107.76
80.09,-4081.102039,105.62
80.22,-3893.420291,104.79
80.46,-3839.345806,106.15
80.42,-3771.893189,106.72
80.22,-3838.357766,105.82
79.77,-3868.2962,107.67
79.53,-3792.1362,107.98
79.41,-3779.941388,107.46
79.45,-3879.826923,107.33
79.76,-3973.412599,109.07
79.79,-3993.553311,108.74
79.83,-4049.606455,109.6
79.87,-4189.165361,109.53
79.95,-4227.354769,109.95
79.89,-4416.99209,109.27
79.86,-4350.188033,109.11
79.77,-4281.783632,110.33
79.75,-4336.628207,109.58
79.7,-4439.035847,108.12
79.81,-4579.152922,108.98
79.51,-4570.064013,108.07
79.52,-4525.150048,107.76
79.51,-4540.278117,108.59
79.51,-4578.321598,107.72
79.14,-4634.170968,107.06
79.24,-4621.719248,108.13
79.44,-4440.360618,108.04
79.87,-4481.829269,107.89
79.89,-4460.900285,108.41
80.12,-4630.08554,109.24
80.06,-4611.922493,110.19
80.02,-4640.451678,110.44
80.06,-4639.393474,109.75
80.02,-4639.261846,109.37
80.04,-4711.751378,109.69
80.07,-4738.908972,110.55
80.22,-4887.156142,110.36
80.35,-5004.225132,110.54
80.29,-5054.143116,110.32
80.35,-5094.912674,110.02
80.55,-5168.264483,109.81
80.5,-5117.096517,109.97
80.39,-5034.406374,109.41
80.63,-4990.238523,108.83
80.54,-4942.410383,108.82
80.67,-4880.434724,108.4
80.37,-4878.494946,108.79
80.43,-4915.480799,108.61
80.62,-4850.476798,109.99
80.81,-4949.973212,109.52
80.77,-4850.311924,109.95
80.58,-4900.648086,113.02
80.61,-4853.205188,113.41
80.44,-4872.19843,112.94
80.6,-4936.592309,113.45
80.41,-4839.450965,114.26
80.32,-4845.629919,115.06
80.33,-4852.740201,114.81
80.27,-4750.263274,114.12
80.32,-4676.996349,114.46
80.2,-4664.791216,114
80.21,-4625.246412,113.21
80.04,-4620.266774,113.3
79.78,-4572.578115,112.36
79.82,-4565.642409,112.29
79.94,-4530.671734,111.24
80.21,-4585.470492,111
80.21,-4568.214603,110.64
80.22,-4550.958714,110.24
80.17,-4604.38632,108.94
80.03,-4548.208854,108.28
80.12,-4483.988529,108.67
80.19,-4502.426166,106.66
80.17,-4491.029228,106.98
80.38,-4487.224281,106.02
80.53,-4505.7394,105.85
80.53,-4457.137348,107.89
80.5,-4452.214129,107.24
80.56,-4403.724459,107.68
80.78,-4376.114174,107.33
80.81,-4380.851225,108.03
80.87,-4392.587725,107.07
81.03,-4412.891515,108.39
81.01,-4380.086301,107.57
81.21,-4417.031102,107.72
81.4,-4393.437576,106.51
81.46,-4384.060353,106.02
81.3,-4401.363336,104.84
81.32,-4312.626257,105.41
81.53,-4307.058487,104.61
81.43,-4335.301067,104.59
81.43,-4271.365419,105.44
81.39,-4224.861234,105.02
81.46,-4322.913314,104.68
81.51,-4411.666811,103.02
81.61,-4479.426632,104.28
81.62,-4507.885735,102.01
81.42,-4501.83205,103.53
81.57,-4576.156403,101.6
81.87,-4543.078061,101.56
82.24,-4509.775761,102.28
82.16,-4476.274563,102.63
82.33,-4447.00343,102.29
82.58,-4498.474328,102.65
82.67,-4452.484381,102.5
82.47,-4449.533259,102.72
82.49,-4474.008435,102.46
82.74,-4492.838516,103.19
82.74,-4462.572176,102.79
82.97,-4562.094303,100.34
82.85,-4455.804756,102.77
83.85,-4426.195934,101.83
83.76,-4426.354275,100.82
84.3,-4444.725664,100.2
84.17,-4531.44973,99.16
84.2,-4566.169008,98.04
84.27,-4669.757002,98.08
84.17,-4837.602428,97.11
84.25,-4803.084299,96.65
84.11,-4911.590613,99.05
84.73,-4979.804803,98.97
84.29,-5021.209991,97.7
84.73,-5019.866321,98.39
84.7,-4992.823263,96.97
84.7,-5064.164993,96.85
85.06,-5046.560054,96.95
85.18,-5034.850938,97
85.62,-5064.976662,97
85.62,-5085.54062,97.2
85.93,-5156.539664,94.67
85.91,-5122.480765,94.16
85.61,-5185.376543,93.42
86.64,-5178.978745,92.31
85.78,-5122.543482,92.79
85.66,-5225.904209,92.11
85.32,-5299.850745,91.38
85.55,-5262.113475,90.05
85.91,-5295.908515,90.21
85.22,-5198.162278,88.89
85.88,-5325.992365,85.04
84.86,-5523.75492,83.78
84.96,-5547.307892,84.47
85.2,-5586.194157,86.16
85.02,-5605.079342,85.4
85.4,-5592.492201,86.22
85.75,-5756.805848,84.71
85.83,-6047.993117,86.83
85.73,-6034.180474,86.13
85.58,-6170.984942,85.83
85.41,-6276.294649,86.03
86,-6485.499902,87.12
86.17,-6549.370017,86.24
86.92,-6476.543368,85.86
87.29,-6560.335367,84.78
87,-6716.025057,82.82
87.47,-6913.069508,82.95
88.07,-7004.543886,82.86
87.64,-6969.968476,83.39
87.78,-6946.323589,82.34
87.59,-6971.945859,81.67
87.84,-6874.368304,80.38
87.77,-6855.805273,77.92
87.53,-6830.854424,79.41
88,-6887.469815,79.31
87.61,-6907.559258,78.47
87.69,-6951.831872,78.1
87.7,-7041.422158,79.33
88.31,-7015.713318,80.36
88.15,-7172.839376,79.68
87.9,-7163.38726,78.33
87.67,-7327.187474,77.75
88.01,-7325.078666,72.58
88.22,-7517.559868,70.15
87.98,-7821.296184,72.54
88.63,-7814.058275,70.54
88.96,-7811.641974,69.92
88.6,-7804.049066,69.64
89.36,-7911.996967,69.07
89.12,-8012.031248,66.19
88.69,-8035.38443,66.84
88.22,-8060.586199,64.24
88.55,-8349.927678,63.68
88.32,-8467.574985,61.85
88.43,-8606.646512,61.06
87.97,-8866.324538,59.86
89.08,-8900.367169,61.18
89.24,-9014.004729,59.27
89.6,-8907.206043,61.38
89.78,-8861.369481,60.11
90.07,-8743.959181,61.69
89.92,-8833.541433,60.24
90.03,-8898.633451,59.45
90.2,-8779.037944,57.88
89.94,-9162.713567,57.9
90.28,-9152.939914,57.33
91.16,-8947.767357,56.42
91.37,-9103.92201,53.11
91.75,-9474.293273,51.1
92.02,-9922.463694,51.15
92.31,-10087.0317,50.96
91.92,-10110.18176,50.11
92.08,-10445.91967,47.43
92.22,-10339.37547,46.59
92.09,-10716.90415,48.69
92.14,-10688.85671,47.67
92.52,-10623.23708,50.17
92.61,-10621.76097,48.84
93,-10490.95692,47.99
92.71,-10587.21923,49.03
94.19,-10743.17906,48.52
94.99,-10639.63293,48.79
94.93,-10555.34558,48.16
94.08,-10703.19312,49.6
94.63,-10674.07189,48.47
94.68,-10648.03485,49.13
94.85,-10742.52948,52.99
94.56,-10657.41731,54.75
93.75,-10925.30203,57.91
94.57,-10934.66194,54.16
93.59,-10989.00549,56.57
94.65,-11056.72748,57.8
94.51,-10930.9177,58.34
94.74,-11234.281,56.43
94.92,-11338.54376,54.66
94.18,-11324.09479,57.05
94.19,-11276.19204,61.52
94.19,-11187.19229,61.4
94.13,-11077.60136,62.53
94.1,-11044.27745,60.53
94.39,-11101.34844,60.21
94.25,-10995.39102,60.22
94.55,-11045.23113,58.9
94.48,-11082.26382,58.66
94.2,-11134.19933,61.63
95.26,-11223.80661,60.05
95.25,-11355.51318,62.58
95.47,-11421.72393,59.54
95.37,-11414.30842,61.02
95.91,-11533.46044,60.55
96.35,-11555.53761,60.48
97.72,-11609.83256,59.73
97.66,-11668.96497,58.53
98.67,-11770.83,56.39
99.67,-11939.45099,57.54
99.27,-11825.48092,57.08
100.18,-11774.12048,54.67
99.69,-11626.12428,53.44
99.65,-11646.63237,53.51
97.82,-11486.55575,55.91
99.07,-11379.70525,54.43
97.8,-11382.61484,55.32
96.96,-11521.29656,55.92
97.24,-11416.81711,55.11
96.92,-11552.42648,56.48
97.42,-11615.12948,59.19
97.39,-11726.94062,56.41
97.96,-11844.06012,56.29
98.38,-12006.0862,55.11
98.12,-12056.70311,57.1
97.53,-12124.49365,54.95
97.06,-12054.08314,58.12
97.91,-11839.30159,59.1
98.06,-11982.37802,55.55
98.97,-12226.36416,56.57
99.35,-12088.94519,57.87
99.51,-12356.49907,57.93
98.78,-12473.89288,58.43
98.39,-12542.09855,60.32
97.69,-12468.94482,63.98
97.45,-12533.72639,63.45
97.91,-12639.18613,63.45
97.98,-12726.29951,62.08
98.06,-12484.03521,62.73
97.31,-12509.84106,64.85
96.86,-12554.60357,65.28
96.86,-12531.08287,64.83
96.11,-12613.41046,64.64
95.21,-12980.14872,65.84
94.81,-12957.70216,66.78
95.21,-13025.19935,66.46
95.44,-13075.3092,66.45
95.14,-13016.31089,67.52
94.16,-13210.80791,67.77
94.62,-13300.45876,65.54
94.82,-13457.26017,65.39
95.03,-13427.20966,64.91
94.56,-13268.88387,66.86
93.62,-13295.95339,66.81
93.39,-13559.88445,66.59
93.23,-13680.6485,66.81
94.16,-13897.41437,66.27
95.31,-13984.05025,64.02
95.59,-13508.72902,65.03
95.4,-13545.49824,66.54
96.14,-13639.5513,65.37
96.38,-13456.20244,65.52
97.22,-13507.29364,63.72
97.3,-13623.1983,62.06
96.88,-13730.28061,62.58
96.89,-13698.35522,65.56
97.43,-13895.36004,64.88
95.94,-13899.70162,65.49
95.36,-13837.21688,63.8
95.58,-14030.28095,62.03
96.34,-13925.92198,63.31
95.25,-13916.85883,62.69
95.19,-13937.20652,64.88
94.61,-13886.533,65.7
95.1,-13800.97452,65.11
94.97,-13679.9761,63.87
94.83,-13750.82887,62.61
94.96,-13792.27018,63.7
94.3,-13791.87286,63.87
94.01,-13696.27456,64.26
94.06,-13694.20803,63.02
94.32,-13633.01369,63.34
95.4,-13579.72168,64.45
95.28,-13526.85084,63.49
95.21,-13552.34117,63.2
95.4,-13552.59875,63.26
94.99,-13655.66721,62.01
95.53,-13737.25591,63.59
96.27,-13778.44978,62.01
96.07,-13754.43542,62.07
95.95,-13789.10175,60.32
96.26,-13731.14836,56.54
96.77,-13720.36761,56.85
96.22,-13874.19461,57.05
96.27,-13920.62464,58.61
96.03,-13855.39322,58.73
96.8,-13715.00311,57.85
96.61,-13625.01179,58.51
97.16,-13590.5832,57.05
97.66,-13553.56355,57.51
97.96,-13256.66551,57.1
98.05,-13093.14825,56.65
97.31,-13064.77837,57.04
97.45,-12918.02941,56.13
97.2,-12860.9738,55.27
97.24,-12742.03836,54.62
96.53,-12786.79384,53.47
96.65,-12763.4246,53.3
97.17,-13001.64158,53.38
97.49,-13064.32048,53.31
97.19,-13207.23136,52.21
97.45,-13241.98542,49.52
97.94,-13170.58667,49.99
97.9,-13255.95589,49.59
97.78,-13267.55385,49.52
97.56,-13279.15181,48.61
97.19,-13553.86193,50.41
97.2,-13512.35446,49.18
96.29,-13403.60265,49.66
96.36,-13302.58691,49.22
96.59,-13503.22902,49.03
96.82,-13364.97517,48.74
97,-13408.19086,48.81
96.45,-13584.09781,47.16
95.77,-13722.5878,46.62
94.8,-13624.65302,45.46
93.42,-13729.26833,42.69
93.96,-13627.10246,43.21
95.28,-13804.95938,43.14
95.77,-13898.85286,47.56
96.15,-13999.00551,50.05
95.93,-14003.17852,54.15
95.38,-13947.63528,49.56
95.97,-14002.27778,50.5
96.41,-13879.56678,50.68
96.22,-13945.08902,49.61
96.22,-13809.34604,47.63
95.86,-14033.46607,49.52
95.95,-13859.95994,47.58
95.5,-13982.02136,48.89
95.18,-13927.39523,48.14
95.28,-13549.03735,46.37
95.59,-13406.83276,46.63
95.33,-13354.18786,49.75
94.54,-13253.98699,49.08
95.15,-13240.93318,47.47
95.93,-13197.70346,48.92
96.32,-13139.29511,49.08
96.2,-13039.03899,47.75
96.3,-13008.84101,48.17
96.25,-12973.89451,48.6
96.01,-12926.62413,47.34
95.89,-13015.14771,48.23
96.28,-12919.11221,48.37
96.1,-12898.82224,47.69
95.92,-12911.77254,48.13
96.08,-12993.01158,49.25
95.46,-12766.11437,51.92
95.57,-12856.11227,51.33
95.3,-12847.88737,53.05
94.89,-12867.35283,52.65
94.88,-12584.1352,49.86
94.76,-12666.108,49.24
93.91,-12519.99133,49.15
94.44,-12502.44026,48.71
94.73,-12400.50142,50.46
94.92,-12319.42854,48.61
94.86,-12442.83988,48.71
95.05,-12495.72399,47.85
96.4,-12549.04712,48.08
97.04,-12597.76221,47.99
96.82,-12548.30165,47.54
96.91,-12575.58792,46.81
97.62,-12746.68591,49.05
97.22,-12652.1249,48.8
96.92,-12604.31727,49.56
96.91,-12603.49635,48.79
97.18,-12566.93721,50.54
97.89,-12662.74035,48.58
97.99,-12724.33905,47.98
99.15,-12716.26572,47.42
98.99,-12805.96448,47.19
99.2,-12626.37027,47.44
98.85,-12598.677,45.81
98.56,-12613.95691,44.06
98.8,-12562.83244,43.61
99.39,-12430.19098,44.56
99.67,-12433.50562,43.57
99.55,-12477.02037,44.14
99,-12464.16169,44.18
99.61,-12477.32427,44.66
99.76,-12510.68038,44.83
99.61,-12526.57332,46.12
99.76,-12477.0677,46.17
99.87,-12475.94721,45.46
100.08,-12434.96103,44.86
100.2,-12346.14567,44.61
99.84,-12245.24374,44.44
100.02,-12207.02591,42.49
97.92,-12131.85547,43.84
98.25,-12224.10301,43
98.75,-12137.35396,40.73
98.4,-12383.95976,40.26
97.39,-12276.49047,40.11
97.93,-12202.31185,39.73
97.63,-12116.12004,37.93
97.58,-12072.30124,37.92
98.13,-11995.61274,38.45
98.58,-12060.32369,37.19
99.05,-12168.54324,37.06
98.72,-12182.79017,36.88
98.47,-12440.93626,36.35
98.22,-12494.32815,36.11
98.39,-12682.22942,37.36
97.9,-12735.87071,37.89
97.95,-12552.94019,36.62
98.24,-12603.18777,37.79
98.26,-12620.11608,36.46
98.69,-12647.58629,37.28
98.85,-12614.15378,37.22
99.33,-12677.31581,36.42
99.26,-12729.19805,34.23
98.29,-12723.35115,33.75
98.38,-12703.49091,33.55
98.82,-12727.41181,31.55
99.02,-12560.90991,30.86
98.89,-12660.46734,30.31
99.07,-12585.91541,31.03
98.94,-12589.15599,28.94
99.1,-12692.65926,28.55
99.08,-12561.99235,28.76
99.06,-12497.52461,27.88
99.12,-12665.05223,29.25
99.53,-12521.33307,32.18
99.28,-12407.80363,30.5
99.04,-12606.82028,31.8
98.92,-12594.83169,33.1
98.59,-12451.96317,33.89
99.53,-12590.09105,34.74
99.04,-12681.56913,34.24
98.81,-12715.7832,32.72
97.3,-12395.72992,35.04
96.56,-12365.68081,34.46
96.96,-12365.38732,34.06
96.67,-12209.733,32.88
96.06,-12072.31987,30.32
95.82,-12054.69574,30.84
95.6,-11918.15178,30.06
95.97,-12103.15132,33.36
95.97,-12239.84564,33.39
96.9,-12147.75151,32.18
96.86,-12147.55753,34.5
96.84,-11958.52641,34.28
96.59,-11951.1128,33.01
97.39,-11901.47222,34.69
97.44,-11932.00963,33.27
97.44,-11959.50929,34.41
97.45,-11890.63465,35.29
98.15,-11851.21305,35.1
98.15,-11982.54047,35.97
98.34,-11891.07166,36.81
98.18,-11736.10567,36.93
97.65,-11548.36149,37.07
97.22,-11596.87143,38.72
97.1,-11480.25671,40.84
97.2,-11378.22942,39.65
97.17,-11402.64306,41.07
96.17,-11225.45446,40.05
96.2,-11173.01264,40.39
96.57,-11004.83132,39.53
96.66,-10894.53558,38.74
95.75,-10915.6612,40.33
94.78,-10921.52259,41.54
95.09,-10967.83381,41.2
95.4,-10841.64763,41.54
95.67,-10874.25186,41.79
96.04,-10832.99854,40.47
96.13,-10768.66844,40.44
95.97,-10682.52807,40.27
95.18,-10614.3832,39.14
94.83,-10750.23824,39.26
94.63,-10519.24937,39.6
94.61,-10473.43584,38.67
94.56,-10266.78613,37.69
94.62,-10271.26645,37.87
94.5,-10074.45769,39.84
94.51,-10130.1917,39.43
94.19,-10037.01505,41.94
94.01,-10049.59107,42.83
94.05,-10012.04299,44.69
94.78,-9998.837845,44.18
94.94,-9918.355887,43.84
94.7,-9833.450638,43.1
94.46,-9613.187957,42.91
94.12,-9706.718793,44.03
94.55,-9551.43618,45.8
94.65,-9348.667957,44.53
95.12,-9361.213557,45.11
94.8,-9325.298653,44.48
94.51,-9295.938292,45.74
94.39,-9250.672533,47.18
93.76,-9194.312172,48.14
93.08,-9236.427968,48.13
92.59,-9101.233167,45.83
93.06,-9100.113837,44.97
93.27,-9030.722592,44.62
93.76,-8959.839427,45.01
93.89,-8925.516604,45.37
94.16,-8865.487219,43.63
94.27,-8935.993527,45.52
93.83,-9039.416952,47.6
94.16,-8825.752363,48.08
94.61,-8699.375223,47.83
94.56,-8474.18585,48.97
94.57,-8427.42018,49.28
95.19,-8335.083695,48.93
95.31,-8152.348116,48.81
95.27,-8089.360167,48.72
95.25,-8105.209922,48.35
95.59,-8220.311687,48.61
95.41,-8342.232205,49.74
95.14,-8443.045458,49.59
95.7,-8409.233672,49.32
95.7,-8353.612877,49.76
95.8,-8183.86705,49.69
95.42,-8117.901601,49.72
95.55,-8052.564957,50.04
93.87,-8157.862098,49.64
94.03,-8285.047367,50.55
93.86,-8216.644267,51.44
93.55,-8222.970431,52.51
94.07,-8187.382063,51.95
94.66,-8205.443794,50.54
94.39,-8024.555902,50.35
94.93,-7916.993103,49.83
94.61,-7898.226944,48.97
94.61,-7860.057744,47.19
94.14,-7900.123882,49.17
93.65,-7916.239472,50.65
94.07,-7928.154317,50.62
93.56,-7811.810007,49.88
93.21,-7681.955795,50.91
95.54,-7773.099161,48.41
96.37,-7809.817472,47.16
96.06,-7797.540899,48.58
95.65,-7790.653926,50.61
95.96,-7870.05552,49.68
95.64,-7763.070837,50.35
95.51,-7653.718246,50.1
96.21,-7653.538602,47.96
96.1,-7706.691079,48.8
96.25,-7518.521853,46.4
96.28,-7543.472667,46.76
96.55,-7734.917634,46.25
96.51,-7707.454791,48.47
96.31,-7618.552674,46.26
96.1,-7629.896241,47.37
96.68,-7614.308797,47.61
96.55,-7630.255588,46.96
97.05,-7605.875901,46.66
97.14,-7337.827441,47.17
96.97,-7374.506859,46.2
97.35,-7362.707802,45.69
97.26,-7210.988165,44.72
97.17,-7046.111348,44.87
96.79,-6963.058981,43.47
96.66,-6867.785447,42.7
95.52,-6790.400786,42.46
95.78,-6762.430353,42.14
95.11,-6769.899856,41.8
95.55,-6761.114496,43.1
95.79,-6837.480754,44.29
96.24,-6848.807471,44.27
96.38,-6766.537802,45.39
96.13,-6806.585152,44.98
95.57,-6879.425587,44.05
95.91,-6925.934432,46.04
95.68,-6760.982926,46.97
95.6,-6672.30154,48.35
94.78,-6510.146694,49.23
94.72,-6566.552077,49.85
94.15,-6702.133474,50.89
94.51,-6695.669009,50.88
94.53,-6758.531291,49.16
94.53,-6765.234149,49.96
94.77,-6708.818639,49.05
94.72,-6691.094681,49.67
95.48,-6652.919596,49.92
95.57,-6607.878817,49.26
96.05,-6650.831805,48.37
95.99,-6789.813623,47.04
95.65,-6802.592889,45.45
95.88,-6757.908373,46.83
95.88,-6736.495971,47.63
94.86,-6809.323744,47.26
94.96,-6748.37362,47.98
94.99,-6629.23799,49.99
95.35,-6539.275375,48.01
95.15,-6453.193011,48.32
95.58,-6525.110976,47.1
95.34,-6487.474381,45.85
95.28,-6413.288464,46.59
96.04,-6477.457773,45.77
95.87,-6437.78386,45.95
96,-6469.148321,45.88
95.5,-6451.725149,46.83
95.37,-6407.063707,47.65
95.51,-6397.372982,45.89
95.3,-6453.816332,47.35
95.47,-6517.429075,45.97
95.43,-6554.987722,48.69
95.53,-6489.566595,49.24
95.42,-6564.958278,49.06
95.75,-6638.450396,50.89
96.14,-6706.183693,50.87
96.17,-6858.824706,51.86
96.69,-6896.317472,52.51
96.63,-6999.57895,51.93
96.89,-7044.411961,53.14
97.7,-7124.825581,52.41
97.98,-7184.640569,51.81
97.55,-7282.909599,52.03
98.09,-7192.436582,51.95
97.88,-7214.805445,51.52
97.88,-7253.093094,51.68
97.85,-7319.508514,52.67
98.33,-7223.70832,51.38
98.69,-7254.664668,51.78
98.75,-7143.905227,51.46
98.73,-7178.870729,50.79
98.62,-7044.231936,49.98
98.93,-7084.016739,50.47
98.35,-7041.090638,49.71
98.36,-7167.721225,48.3
97.73,-7195.616838,48.14
97.38,-7253.711683,46.86
97.15,-7296.50028,46.35
96.89,-7297.319424,45.58
97.74,-7194.510275,46.15
97.97,-7541.757688,46.04
98.62,-7531.829521,46.36
98.86,-7555.576693,45.84
98.99,-7524.687475,44.75
99.97,-7468.135604,44.43
100.14,-7583.038404,46.95
100.3,-7694.613304,46.63
100.95,-7727.748908,46.49
101.21,-7757.643358,46.86
100.88,-7778.435937,48.9
101,-7689.567373,49.12
101.71,-7754.905567,48.95
101.69,-7736.565986,49
101.5,-7671.388273,47.24
101.16,-7520.988324,48.24
100.99,-7613.444697,46.38
101.53,-7408.072096,50.47
100.95,-7445.583155,53.94
100.66,-7289.875228,54.46
100.15,-7341.636445,54.94
100.49,-7334.953248,53.93
100.18,-7152.938394,53
101.09,-7165.368418,53.89
101.59,-7173.19737,54.33
100.92,-6979.29311,55.69
101.06,-6913.789494,55.72
102.2,-6898.895632,53.9
103.1,-6825.545034,54.02
102.95,-6943.73303,55.21
103.13,-6749.064604,54.92
103.25,-6751.469587,55.35
103,-6778.18241,54.46
103.09,-6702.153379,55.05
102.92,-6667.242953,55.16
103.04,-6739.307731,56.09
103.22,-6806.611225,56.22
102.65,-6876.037709,56.14
102.21,-6878.433172,56.82
103.21,-6864.936848,55.47
102.52,-6912.318343,56.46
101.4,-6948.829118,56.89
102.22,-6893.907601,57.1
101.84,-6967.733806,54.94
102.04,-6973.691195,53.64
101.73,-6947.66815,55.1
101.45,-6941.011714,56.01
101.19,-6889.689267,55.45
101.57,-6721.453058,55.86
100.3,-6727.295368,55.47
101.29,-6575.203184,53.92
101.17,-6551.360785,54.16
100.81,-6447.202181,55.49
99.93,-6525.133984,55.23
100.27,-6609.445454,55.44
99.92,-6584.422478,55.08
100.53,-6557.441337,56.24
100.56,-6617.054783,55.52
100.37,-6629.730204,55.23
99.55,-6439.967243,55.7
99.75,-6386.214252,56.8
99.82,-6225.803358,56.56
99.73,-6246.072436,56.81
99.9,-6073.023664,55.72
100.4,-6178.991013,55.05
100.17,-6125.363009,55.12
100.67,-6042.076787,55.63
100.71,-6030.845111,56.7
101.02,-6041.000316,55.59
101.23,-6146.472512,55.97
101.09,-6186.72661,55.75
100.5,-6232.644926,55.65
100.95,-6275.999237,55.81
100.95,-6246.777512,56.18
101.44,-6285.713909,56.66
101.33,-6327.567723,55.84
100.98,-6578.552495,56.58
101.12,-6480.039966,55.99
101.17,-6651.786238,55.93
101.36,-6623.989509,55.59
101.77,-6578.170113,56.36
102.15,-6514.170425,55.08
101.54,-6521.400809,55.9
101.7,-6434.98742,56.01
101.82,-6464.093371,55.92
102.12,-6494.83971,53.11
102.03,-6478.385537,52.19
101.38,-6453.166744,51.37
101.37,-6372.840363,51.35
101.74,-6368.615409,50.92
100.54,-6459.139681,51.81
100.23,-6464.033878,51.74
100.31,-6432.484579,51.76
100.36,-6398.452583,51.62
99.75,-6358.030297,50.96
99.72,-6464.954396,50.64
99.76,-6440.185114,50.56
99.77,-6403.30984,50.8
99.22,-6372.119965,50.75
99.68,-6376.705385,51.33
99.93,-6344.975621,52.42
100.51,-6312.596384,52.96
100.56,-6331.533532,52.83
100.49,-6325.697929,53.12
100.49,-6385.077143,54.17
100.52,-6475.926082,54.36
100.72,-6479.059993,54.89
101.13,-6416.046814,55.24
101.01,-6438.824341,55.98
100.71,-6400.104051,56.23
100.18,-6429.738606,55.86
100.58,-6400.740774,55.89
100.3,-6385.91616,55.36
99.5,-6350.40891,54.89
99.81,-6358.423789,52.93
99.84,-6351.824146,52.99
99.98,-6312.195417,51.96
99.04,-6405.109378,51.6
98.83,-6452.296721,52.1
98.98,-6397.108167,51.82
99.15,-6421.515207,51.44
99.04,-6430.086505,51.73
99.13,-6391.829556,51.52
98.95,-6354.97159,50.46
99.38,-6457.887654,50.79
98.78,-6470.831449,48.38
98.58,-6470.053291,49.1
99.16,-6461.673928,49.34
99.54,-6465.138869,48.73
99.63,-6450.316738,50.22
99.65,-6392.815178,50.77
99.19,-6346.179249,50.84
98.88,-6285.00885,51.82
98.19,-6187.937645,51.65
97.39,-6179.750714,52.21
97.88,-6187.866009,52.51
97.12,-6111.43429,53.61
96.99,-6119.799925,53.87
97.34,-6096.058596,54.15
97.1,-6056.081745,53.96
97.19,-6027.351445,51.46
97.4,-6020.166772,52.15
97.59,-5997.135453,52.29
97.4,-6056.546279,51.84
96.98,-6082.089485,50.31
97.2,-6141.986411,50.63
96.67,-6228.137779,49.95
96.8,-6286.1704,49.47
96.53,-6380.740447,50.12
96.69,-6415.52887,48.06
97.21,-6374.064625,47.86
97.28,-6277.333486,48.15
97.16,-6295.545678,48.29
97,-6320.678145,48.72
96.95,-6383.990292,47
97.47,-6366.322881,46.92
97.16,-6387.830916,47.37
97.52,-6411.978204,46.91
97.75,-6383.09081,46.02
97.56,-6484.085088,44.82
97.54,-6633.117819,45.22
97.3,-6642.340068,45.54
97.42,-6570.218134,45.83
96.47,-6593.636056,46.65
96.04,-6589.81307,47.31
95.56,-6613.319945,47.42
95.63,-6610.119279,47.92
96.2,-6643.587962,49.68
96.26,-6667.50154,49.61
96.19,-6722.677233,47.79
95.81,-6776.805848,48.11
96,-6762.345918,46.71
96.06,-6738.823158,46.88
95.76,-6836.734956,47.52
95.77,-6838.88097,47.74
95.73,-6781.594531,48.42
95.15,-6735.180686,48.91
95.13,-6697.268107,48.42
94.6,-6732.782771,48.84
94.78,-6720.090265,49.7
94.31,-6743.027478,49.3
93.86,-6810.758117,48.06
93.98,-6805.107688,48.6
94.05,-6780.778271,50.2
93.67,-6690.356705,50.97
93.86,-6580.083015,51.49
93.26,-6575.92476,52.52
92.86,-6620.357995,52.65
93.04,-6555.565706,51.78
92.84,-6572.201353,52.36
92.84,-6536.841075,52.01
93.54,-6521.509969,52.42
93.43,-6556.649283,52.37
93.65,-6698.979569,52.14
93.55,-6780.315467,52.7
93.4,-6758.49324,51.9
93.07,-6722.117469,52.1
93.41,-6687.967892,50.73
93.85,-6727.119232,50.8
93.54,-6727.255459,50.27
93.62,-6665.513277,51.03
93.43,-6585.486914,52.72
93.09,-6555.36672,51.66
93.55,-6579.41258,51.87
93.15,-6570.954235,52.57
93.28,-6544.34674,52.04
92.74,-6517.186125,52.41
92.21,-6530.855202,51.89
92.25,-6547.723222,52
92.88,-6607.212752,50.86
92.67,-6532.263988,52.38
92.81,-6534.968482,52.75
92.81,-6590.479404,52.34
92.25,-6630.945818,53.38
92.29,-6589.290978,54.2
91.66,-6585.190935,54.49
91.35,-6566.971485,53.78
91.88,-6568.75523,53.84
91.88,-6441.739684,54.27
92.52,-6433.021847,55.16
92.12,-6416.654642,55.47
91.87,-6408.221782,55.62
92.05,-6290.41687,55.48
91.79,-6289.340632,55.14
92.51,-6259.38391,56.29
92.26,-6284.164459,56.43
92.17,-6185.750473,56.86
92.65,-6187.402218,59.02
92.97,-6190.616122,58.44
93.36,-6170.964954,57.9
93.08,-6090.951371,57.41
93.08,-6170.823841,57.54
93.56,-6147.245048,56.12
93.57,-6114.917022,56
93.46,-6147.550391,55.8
93.96,-6163.153851,57
93.8,-6170.324543,55.62
93.67,-6248.009131,55.79
93.29,-6250.729868,56.61
93.02,-6244.693583,56.94
93.06,-6167.451852,56.25
93.09,-6130.918847,57.17
93.31,-6012.590792,57.82
93.49,-5997.686168,57.88
93.36,-6030.616485,58.15
93.27,-6027.612858,57.23
93.7,-6031.462128,57.75
93.94,-6038.587563,57.37
93.77,-6028.684406,58.33
93.71,-5982.126704,58.44
94.61,-5995.274024,59.3
94.92,-5995.303438,60.44
94.56,-6000.181422,60.9
94.55,-5943.002313,61.37
94.81,-6068.613429,60.49
94.69,-6091.169484,60.62
94.94,-6087.635867,62.07
94.76,-6100.076078,64.27
94.91,-6129.031563,63.69
94.87,-6196.931978,63.49
94.44,-6194.292364,63.93
94.39,-6208.270195,63.52
94.49,-6182.879891,63.16
93.83,-6288.872215,62.21
93.81,-6278.930924,61.87
93.93,-6298.803549,61.36
93.66,-6300.862024,62.72
94.08,-6321.799611,62.22
93.95,-6236.937653,62.57
93.22,-6296.361717,63.32
93.22,-6275.746299,63.55
92.78,-6269.818693,63.86
92.9,-6274.163306,63.84
93.27,-6267.022151,63.61
93.16,-6239.88063,63.11
93.05,-6255.13112,63.57
92.89,-6251.841658,63.73
93.19,-6297.651584,62.45
93.38,-6303.62512,62.86
93.61,-6283.817424,61.22
93.8,-6232.72655,62.2
93.9,-6204.853904,63.4
93.87,-6222.915807,64.69
94.1,-6226.757441,63.34
93.43,-6182.804409,62.44
93.49,-6226.77492,63.31
93.93,-6225.648873,63.23
93.69,-6221.880463,63.41
93.44,-6253.465081,63.8
93.31,-6227.341719,64.56
93.28,-6199.567062,64.9
93.35,-6194.094399,65.25
93.26,-6177.912484,67.02
93.03,-6189.278598,66.44
92.6,-6120.217805,66.72
92.12,-6134.03968,66.87
91.87,-6186.18483,66.57
92.16,-6206.648671,67.84
91.85,-6230.123468,68.07
91.95,-6264.935033,67.62
92.36,-6272.823814,67.78
92.53,-6251.966847,68.82
92.33,-6272.34927,69.2
91.85,-6253.610745,69.26
90.97,-6194.238225,69.87
90.97,-6217.933761,70.26
90.39,-6183.874355,69.15
90.54,-6190.173958,69.38
90.5,-6126.062583,69.31
90.57,-6066.226644,68.61
90.4,-5915.802102,69.03
90.12,-5918.087178,69.96
89.21,-5849.187532,70.53
89.39,-5854.365359,70.42
89.07,-5843.251781,70.52
89.31,-5857.857357,69.46
89.16,-5967.287884,69.02
89.13,-6005.026301,69.05
88.67,-6045.328617,69.65
89.19,-6055.594029,68.58
89.55,-6111.691096,67.62
89.58,-6125.043976,66.86
90.25,-6072.431589,65.51
90.23,-6048.168305,64.81
90.44,-6062.133383,62.79
90.21,-6062.524668,62.59
89.7,-6040.13318,62.72
89.12,-6054.608354,64.36
88.59,-6039.540573,64.33
89.1,-6052.724034,64.84
89.1,-6011.146779,65.67
89.72,-6016.768083,65.25
90,-5996.443668,65.42
89.74,-6013.115118,66.39
89.88,-5988.734724,67.31
89.85,-6037.684257,67.5
90.36,-6062.1676,66.63
90.61,-6019.582895,65.78
90.32,-5937.410477,63.83
89.94,-5900.73615,64.37
90.08,-5988.603599,65.54
89.62,-6005.620257,65.79
89.64,-5967.25002,64.34
90.18,-6009.048334,63.61
90.09,-6036.021643,65.49
89.89,-6102.069508,64.95
89.66,-6143.474045,64.64
89.7,-6214.456039,64.89
90.14,-6212.250648,65.12
90.23,-6256.305627,66.21
89.77,-6217.845199,66.05
90.37,-6262.453335,67.42
89.78,-6320.115782,69.47
89.86,-6369.651845,68.91
89.44,-6393.842408,70.45
89.03,-6335.312626,70.12
89.37,-6397.676821,70.11
90.06,-6480.509698,69.53
90.15,-6506.773634,70.27
90.05,-6525.224017,67.64
90.2,-6494.517829,68.12
90.14,-6466.976218,68.02
90.46,-6555.351463,68.33
90.11,-6548.589345,67.11
89.84,-6583.805108,68.65
89.59,-6621.07945,71.04
89.57,-6697.138276,72.06
89.75,-6652.360985,72.02
89.8,-6566.04094,72.58
89.42,-6518.056068,71.42
89.52,-6567.968257,71.58
89.62,-6580.267099,73.48
89.94,-6627.466342,73.78
90.32,-6603.520282,74.06
90.95,-6633.525011,74.71
90.77,-6660.658929,73.86
91.17,-6646.340465,74
91.56,-6549.916103,74.74
91.54,-6529.878137,74.64
91.84,-6547.822919,75.17
92.45,-6606.647467,73.13
92.51,-6605.155358,73.36
92.41,-6580.418945,73.62
92.57,-6553.468784,74.87
92.75,-6524.113597,76.17
93.12,-6576.047889,74.85
93.04,-6534.594293,77.21
92.65,-6525.585535,77.47
92.54,-6572.871254,77.12
92.59,-6650.132402,78.23
93.22,-6661.659632,78.43
93.39,-6629.258865,79.28
93.47,-6595.714791,79.3
93.64,-6624.517029,78.51
93.68,-6654.679022,79.22
93.61,-6681.105328,79.57
94,-6687.218916,79.8
93.76,-6711.205106,78.79
94.19,-6789.191416,76.44
94.19,-6735.22591,75.3
94.83,-6727.18596,75.39
94.15,-6789.624225,77.5
93.98,-6829.417452,77.59
93.98,-6842.508615,76.79
94.02,-6860.581273,75.29
93.9,-6860.68031,75.38
93.66,-6901.035878,75.36
93.4,-6940.74962,77.32
93.55,-6991.991689,76.46
93.58,-6995.536521,76.46
93.8,-7040.877106,75.88
93.71,-7025.990087,76.74
94.77,-7021.781241,75.94
94.79,-7039.614796,73.44
94.8,-7027.873874,75.34
95.08,-7010.546833,75.08
95.06,-6993.28801,74.74
94.74,-7073.423499,73.05
94.52,-7141.938009,75.55
94.28,-7168.250412,74.73
94.66,-7165.139667,76.31
95.27,-7148.076761,77.62
95.39,-7189.719375,77.85
94.64,-7188.045052,79.44
95.03,-7230.95298,77.3
94.67,-7257.746303,77.76
94.67,-7309.854255,78.24
94.47,-7346.36229,77.39
94.04,-7314.540541,77.11
94.08,-7369.597887,78.07
94.15,-7407.271172,78.86
94.72,-7419.488132,73.4
94.81,-7424.523041,74.45
94.75,-7443.973874,75.33
94.51,-7481.469067,71.84
94.94,-7507.20124,72.16
95.08,-7479.030065,72.9
95.15,-7420.423423,72.58
94.45,-7466.160969,73.07
94.67,-7443.835932,73.06
94.61,-7497.17898,73.44
94.36,-7511.232327,73.93
94.75,-7488.831013,74.54
94.67,-7503.249865,74.29
94.32,-7413.18512,74.97
94.49,-7402.844785,74.25
94.62,-7465.655605,72.39
95.16,-7471.042498,73.45
95.14,-7516.559267,73.21
95.36,-7544.029728,73.75
95.22,-7584.692281,74.65
95.05,-7508.315813,72.28
95.5,-7538.898487,72.07
96.36,-7488.157849,72.81
96.39,-7587.377771,72.61
96.73,-7653.282763,72.46
96.7,-7566.361141,70.76
96.64,-7521.374963,71.43
96.1,-7571.036727,71.83
95.9,-7533.09392,72.21
95.26,-7636.822393,72.63
95.15,-7713.42301,74.78
95.67,-7754.84629,74.73
95.15,-7737.215539,75.82
94.78,-7725.569527,76.21
94.72,-7735.917394,75.95
94.6,-7720.740271,77.14
94.72,-7698.498832,77.77
95.14,-7705.098333,77.42
95.14,-7783.424687,78.15
95.44,-7842.210537,78.17
95.18,-7849.030317,77.27
95.02,-7888.151731,76.5
95.36,-7933.544086,76.83
95.15,-7929.333507,77.37
95.25,-7881.825041,79.06
94.8,-7980.537572,79.74
94.52,-8012.18888,78.18
94.93,-8029.243775,78.09
94.5,-8097.898962,78.05
94.64,-8176.248533,79.03
94.54,-8135.498413,79.4
93.91,-8214.208845,78.7
94.22,-8216.594965,78.8
94.19,-8141.159748,81.2
94.13,-8155.124414,81.87
94.19,-8281.097562,81.34
94.89,-8281.739846,81.72
95.13,-8262.769042,82.72
95.3,-8324.416314,84.98
95.51,-8375.741043,84.8
95.76,-8449.672694,86.29
95.75,-8407.890259,84.58
95.62,-8365.370864,84.16
95.76,-8328.917726,83.91
95.67,-8283.010072,85
95.51,-8339.762255,83.09
95.02,-8420.701564,80.26
95.22,-8421.214212,80.43
95.06,-8423.325558,80.78
95.05,-8381.59658,81.41
95.58,-8367.69959,80.05
95.9,-8380.924694,79.29
95.71,-8431.237867,79.78
96.01,-8330.829541,79.83
95.96,-8353.496692,76.44
96.43,-8320.92703,76.17
96.68,-8301.051063,76.89
96.36,-8243.35089,77.62
96.58,-8188.429801,77.34
97.01,-8255.376722,75.91
97.13,-8280.515152,75.47
96.28,-8364.082158,72.89
96.54,-8317.906584,72.83
96.28,-8491.469401,73.17
96.32,-8545.788631,72.13
96,-8489.574954,72.07
96.72,-8411.02585,70.65
96.91,-8424.56879,70.18
97.54,-8368.538428,70.12
97.3,-8463.467559,65.47
96.8,-8504.137226,66.12
96.93,-8660.073616,66.62
96.47,-8696.488782,66.76
96.19,-8583.553854,66.79
96.84,-8521.882128,62.53
96.71,-8407.103545,63.48
96.71,-8366.086996,62.6
96.92,-8439.202335,58.8
97.07,-8483.455439,60.48
97.37,-8540.335507,60.21
96.79,-8483.140582,58.76
96.78,-8470.001793,59.51
97.27,-8517.422762,58.71
97.04,-8458.240901,61.69
96.97,-8568.883067,62.08
97.07,-8650.231976,61.56
96.81,-8645.670716,60.06
96.51,-8651.678535,61.67
97.22,-8463.881501,59.97
97.39,-8461.003305,60.2
97.04,-8521.877502,60.15
97.06,-8509.650522,61.45
97.44,-8556.911998,60.28
97.1,-8584.251316,59.61
97.1,-8660.729316,56.26
97.03,-8605.280409,57.24
96.28,-8654.050111,54.35
96.96,-8727.530163,53.82
96.55,-8560.867273,50.47
97.05,-8543.531577,54.47
96.48,-8520.09969,52.16
96.4,-8500.665463,52.2
96.17,-8511.87645,53.8
96.82,-8600.663895,54.91
96.31,-8598.44585,55.95
96.18,-8605.94725,57.06
95.67,-8750.804907,57.33
95.9,-8606.108326,58.72
95.22,-8576.285732,61.44
95.54,-8606.542643,61.68
95.67,-8615.561827,60.48
95.61,-8469.48009,58.99
96.04,-8520.144976,60.64
96.06,-8548.513211,61.32
96.06,-8593.367956,61.18
96.34,-8533.782042,62.7
96.34,-8456.716027,62.74
96.3,-8431.718063,61.5
96.12,-8425.498816,61.14
96.6,-8412.915845,61.09
95.79,-8432.317912,61.64
95.75,-8371.989221,59.93
95.82,-8410.263254,61.32
95.34,-8427.409244,61.65
95.58,-8425.563074,61.89
95.58,-8580.613966,62.75
95.85,-8572.037586,62.51
96.07,-8468.412087,61.98
96.39,-8369.895116,62.69
96.51,-8340.236042,61.63
96.64,-8312.902926,62.1
97.06,-8332.862677,61.51
96.71,-8327.960475,62.42
97.13,-8355.629505,63.61
96.98,-8348.892246,64.57
96.9,-8326.263492,66.25
96.9,-8291.670061,66.5
96.52,-8361.582118,66.45
96.45,-8442.333555,67.08
96.61,-8412.111633,67.07
96.51,-8434.716561,67.12
96.41,-8421.793353,64.76
96,-8425.468241,65.21
96.15,-8447.293546,66.39
96.16,-8499.507875,66.03
96.53,-8522.547759,65.07
96.68,-8445.349777,65.67
96.87,-8478.701832,65.86
96.87,-8410.393424,65.99
97.67,-8378.658939,66.3
97.31,-8374.35354,65.74
97.22,-8417.981853,66.58
96.94,-8398.451151,66.67
96.55,-8430.271573,67.55
96.78,-8375.050328,67.23
96.59,-8279.917049,67.16
96.52,-8317.626668,67.54
96.38,-8232.337096,67.61
95.76,-8223.330581,68.5
96.5,-8221.016908,67.86
96.65,-8242.219868,67.03
96.57,-8188.986279,67.21
96.74,-8204.505053,67.97
96.77,-8321.855271,67.83
97.2,-8432.010064,67.82
97.28,-8402.895325,68.39
97.23,-8314.035178,69.01
97.36,-8248.157415,69.37
97.09,-8279.990143,69.31
97.31,-8327.67779,69.4
97.39,-8329.196342,70.34
97.05,-8345.454608,71.1
97.01,-8356.051275,70.61
96.95,-8379.415418,71.73
97.18,-8287.894005,70.83
96.97,-8293.526465,71.55
96.94,-8350.744679,71.18
97.04,-8443.388595,71.72
97.01,-8448.066613,71.62
97.47,-8418.610659,71.97
97.29,-8501.389199,74.04
97.64,-8469.269211,74.51
98.17,-8521.100563,74.57
98.2,-8605.499318,74.35
98.01,-8547.999414,72.15
97.86,-8573.647529,72.04
97.48,-8610.519394,72.8
97.69,-8554.982961,72.18
97.83,-8549.526416,70.75
97.49,-8551.973049,70.85
97.55,-8532.218286,71.24
97.56,-8551.364634,69.88
97.62,-8528.347217,70.37
97.43,-8501.316557,70.39
97.33,-8443.146969,70.62
97.37,-8362.669437,70.23
97.53,-8376.176888,71.24
97.57,-8355.100402,71.77
97.86,-8417.501167,72.62
98.02,-8351.923203,72.21
97.93,-8327.508616,71.97
98.02,-8383.520006,72.18
98.08,-8387.58474,70.99
97.86,-8377.002012,67.76
97.61,-8419.239531,68.69
97.61,-8265.414117,70.11
97.95,-8288.148476,70.11
98.14,-8235.598451,69.45
98.14,-8297.970562,66.87
97.61,-8323.912702,64.49
97.14,-8283.216532,61.28
97.07,-8255.89404,61.97
97.32,-8321.268747,60.63
97.04,-8398.281316,61.67
96.54,-8391.498505,63.29
96.76,-8329.790328,62.29
96.69,-8504.068818,62.29
97,-8548.947751,59.97
97.01,-8701.977261,61.31
97.45,-8762.550363,62.01
97.56,-8846.865527,60.94
97.64,-8870.749135,62.14
97.12,-8859.461401,61.82
96.63,-8792.901799,64.45
96.09,-8736.150768,65.2
95.98,-8807.824927,64.86
96.14,-8826.517934,65.05
96.21,-8862.036206,66.49
96.21,-8865.491886,66.55
96.11,-8875.390614,66.55
96.84,-8857.628823,65.06
96.73,-8958.293991,62.4
96.77,-8963.560675,63.82
96.77,-8961.170366,63.3
97.17,-8959.761482,64.23
97.38,-8909.738819,64.11
97.49,-8985.575586,64.16
97.1,-9060.152277,67.01
97.05,-8957.785675,66.52
96.81,-8906.69506,66.72
96.93,-8794.942779,66.48
97.39,-8768.208578,64.35
97.22,-8782.485767,63.66
96.79,-8673.583388,61.93
97.15,-8652.832091,62.47
97.26,-8544.180806,63.26
97.7,-8606.917467,63.83
97.73,-8601.00204,63.18
97.82,-8613.202111,63.39
98.01,-8535.452323,63.46
98.04,-8563.912199,63.71
98.05,-8560.126747,64.72
98.52,-8538.182328,65.17
98.37,-8515.099529,60.5
98.07,-8490.91383,61.89
97.52,-8609.983149,59.81
97.63,-8609.47669,58.94
97.54,-8545.270615,56.23
97.62,-8520.023377,57.38
97.49,-8650.115997,58.53
97.38,-8610.673788,58.57
97.81,-8638.453491,61.3
97.99,-8622.586067,59.48
98.14,-8611.253361,58.23
98.14,-8631.669401,58.64
98.35,-8573.211473,59.74
98.19,-8595.70018,60.03
98.3,-8586.568916,60.3
98.17,-8651.698008,59.92
97.64,-8650.094436,59.34
98.08,-8683.695408,58.7
98,-8812.400154,59.51
98.21,-8831.358487,60.49
98.46,-8867.047054,61.08
98.92,-8928.918142,60.43
99.04,-8966.180287,58.66
99,-9029.574292,58.26
98.45,-9002.732377,60.7
98.41,-8961.935865,60.95
98.39,-8986.77387,61.54
98.28,-9052.671437,62.59
98.33,-9168.241905,62.38
98.64,-9264.425417,60.81
98.31,-9281.795141,60.38
98.26,-9304.493622,60.22
98.61,-9305.014887,69.02
98.26,-9538.776647,64.55
98.56,-9507.806941,63.6
98.27,-9562.510146,64.4
98.27,-9576.968663,64.28
98.6,-9601.946861,64.77
98.34,-9694.22018,63.1
99.04,-9801.68119,62.39
99.13,-9824.582124,62.74
99.13,-9792.86162,61.91
99.38,-9734.865008,60.78
99.13,-9757.275981,58.89
99.02,-9790.451181,57.69
98.86,-9838.575474,57.71
98.81,-9868.142741,58.37
98.97,-9893.140639,58.35
98.97,-9896.508182,58.24
99.12,-9973.507016,58.32
98.7,-10025.94163,59.1
98.3,-10047.17386,60.51
98.45,-10015.77254,59.35
98.29,-10086.06239,58.74
98,-10177.92269,59.42
97.61,-10197.18409,59.91
97.28,-10203.99758,59.42
97.33,-10294.29341,58.96
97.53,-10351.22301,59.7
97.49,-10367.53585,61.17
97.63,-10357.88089,61.67
97.83,-10394.11169,62.02
97.76,-10463.76761,61.57
97.69,-10532.64753,61.59
97.65,-10480.97505,60.61
97.35,-10513.28043,60.23
97.24,-10519.15779,61.69
97.5,-10513.59826,62.13
97.98,-10525.66878,62.96
97.95,-10530.71588,61.74
98.14,-10516.49285,62.29
98.35,-10497.49728,62.51
98.2,-10512.01073,62.18
98.31,-10509.47121,62.06
98.37,-10499.58552,62.37
98.16,-10520.42566,62.28
98,-10513.75769,63.3
97.79,-10515.67263,62.44
97.86,-10504.09761,60.91
97.93,-10509.5732,62.4
97.99,-10516.14674,63.97
98.27,-10538.01223,63.39
98.32,-10534.85319,63.65
98.25,-10545.66229,64.27
98.37,-10544.9497,64.06
98.37,-10547.73861,63.87
98.27,-10566.83894,62.43
97.86,-10573.50674,60.92
97.74,-10581.62326,60.82
97.65,-10605.72365,63
97.41,-10571.93522,63.39
97.7,-10562.33201,64.39
97.64,-10543.25426,64.25
97.41,-10547.79361,64.34
97.41,-10535.73281,63.72
97.4,-10520.88041,64.2
97.17,-10516.38848,65.22
97.02,-10508.44067,65.34
97.22,-10509.00265,66.1
97.4,-10533.64022,66.17
97.38,-10539.95044,66.54
97.69,-10533.30981,66.14
97.66,-10538.56253,66.39
97.65,-10539.87831,67.2
97.53,-10517.87291,67.92
96.92,-10496.5636,68.16
96.74,-10499.33537,68.44
96.39,-10514.68991,66
96.85,-10512.53428,66.25
96.84,-10545.42328,68.6
96.67,-10523.79018,68.91
97,-10526.91353,68.27
97.3,-10545.48642,65.44
97.45,-10540.67274,65.37
97.36,-10527.87683,64.98
97.34,-10521.92165,64.2
97.37,-10530.60409,64.49
97.23,-10535.63329,64
97.32,-10516.47357,64.62
97.61,-10510.34832,64.85
97.61,-10488.95857,65.2
97.53,-10503.92675,64.59
97.53,-10509.27416,63.21
97.69,-10527.95182,62.04
97.85,-10529.91842,60.69
97.96,-10532.06376,59.32
98.02,-10514.46554,59.51
97.99,-10503.49635,59.81
97.87,-10511.04734,58.29
97.39,-10506.52062,58.16
97.8,-10489.80981,54.45
97.96,-10501.57735,53.96
98.3,-10541.88775,55.28
98.5,-10558.51335,54.93
98.7,-10550.91799,54.47
98.83,-10569.11971,53.27
98.72,-10536.19641,54.01
99.05,-10566.48342,55.79
99.07,-10611.08657,56.34
99.12,-10613.52308,57.32
99.16,-10638.13006,57.67
99.44,-10663.10727,57.75
99.7,-10667.75016,59.12
99.86,-10680.93578,59.31
99.26,-10686.05512,58.5
99.36,-10692.14423,56.3
98.97,-10773.02214,54.95
99,-10771.93682,53.43
98.51,-10774.24054,52.18
98.13,-10779.44401,50.52
97.36,-10781.26248,51.9
97.15,-10769.15529,51.86
97.34,-10797.32965,51.13
96.82,-10778.96388,49.99
95.95,-10784.64557,45.27
94.89,-11012.64331,34.36
96.41,-11127.20299,37.22
96.51,-11342.05321,35.79
97.47,-11351.87416,33.22
98.75,-11364.19717,33.85
98.07,-11405.7755,30.05
99.58,-11416.66916,28.73
101.16,-11319.39606,24.88
102.75,-11342.19053,28.47
102.82,-11361.40054,26.98
102.49,-11405.74802,27.03
102.04,-11480.33076,27.15
101.05,-11531.85084,27.39
99.35,-11573.37391,26.34
98.36,-11581.61423,24.93
99.18,-11552.60211,22.76
99.05,-11504.01438,22.74
99.67,-11571.32198,24.74
100.18,-11538.63748,29.94
100.58,-11552.15316,34.11
100.69,-11479.50965,33.05
99.9,-11443.65633,31.87
100.12,-11466.70425,32.84
99.52,-11475.44546,31.48
99.35,-11371.35826,31.74
98.89,-11266.22697,29.6
99.46,-11243.55022,27.69
100.03,-11332.53669,27.82
99.78,-11320.77189,28.08
99.95,-11335.43771,25.57
100.26,-10971.35039,19.33
100.39,-11112.0852,20.37
100.43,-11112.60101,21.33
100.38,-11065.66836,21.44
100.04,-11015.71773,19.99
99.86,-11068.48827,20.46
99.56,-10999.29008,22.54
99.02,-10984.0075,25.27
99.08,-10998.5691,26.44
99.48,-10961.14411,27.2
99.71,-10957.17827,30.97
100.09,-10926.02653,29.72
99.89,-10915.27819,29.46
99.73,-10913.92144,30.97
100.24,-10826.24728,29.63
99.93,-10844.92218,29.98
100.24,-10911.30659,29.19
100.47,-10871.99453,31.13
100.4,-10882.50211,32.5
99.67,-10837.83747,34.81
99.37,-10794.52272,34.65
99.12,-10786.52582,35.75
99.37,-10757.47645,36.06
99.86,-10763.15035,35.13
99.86,-10756.5554,35.53
98.91,-10735.62579,36.17
99.06,-10739.16161,34.74
98.38,-10708.09949,35.29
98.34,-10710.18028,35.33
97.83,-10714.1221,38.32
97.67,-10675.56487,39.57
97.28,-10659.20951,39.79
96.68,-10639.69187,39.99
96.94,-10631.59079,42.3
96.62,-10595.09849,40.8
96.32,-10580.82907,41.18
95.96,-10555.89361,41.73
96.73,-10549.07771,38.55
97.32,-10524.17273,38.73
96.71,-10495.28163,39.72
96.96,-10505.007,40.96
97.16,-10523.85672,40.71
97.42,-10534.26709,41.51
97.62,-10538.32848,42.19
97.04,-10539.16351,43.08
96.65,-10565.6741,42.63
97.15,-10596.78426,40.31
97.43,-10583.84709,41.05
97.43,-10564.33836,41.02
97.54,-10524.80937,41.71
97.39,-10507.92597,41.15
97.2,-10510.96937,42.03
97.32,-10410.9999,43.14
97.17,-10319.78144,42.8
96.72,-10181.23404,43.1
96.88,-10220.73032,43.08
96.43,-10138.22404,43.29
96.7,-10107.63432,42.35
96.65,-9986.311189,43.24
96.46,-9981.918025,42.72
96.26,-9906.970548,42.9
96.08,-9925.703872,43.79
96.35,-9899.330155,43.37
95.94,-9849.014393,43.14
95.83,-9847.69978,43.28
95.12,-9908.765547,44.32
94.99,-9903.959243,44.29
94.69,-9901.248729,43.31
94.44,-9903.275774,43.34
93.67,-9924.867032,43.41
93.7,-9958.440717,43.22
93.45,-9968.380601,43.75
93.02,-10014.04422,42.94
93.35,-10070.74989,43.3
93.35,-10118.75357,44.15
93.38,-10147.53428,44.43
92.87,-10073.64282,45.17
92.79,-10064.81022,45.09
93.44,-10069.19759,44.4
93.58,-10020.89542,44.99
93.63,-9927.909299,44.5
93.44,-9951.060752,45.43
93.33,-9984.645192,44.96
93.1,-10000.92489,44.8
92.85,-10121.39189,45.37
92.27,-10069.63491,45.46
92.89,-10016.63181,45.37
92.79,-9977.570857,44.9
93.25,-9966.970458,44.35
93.3,-9876.675493,45.13
93.02,-9793.130667,45.86
93.01,-9798.535378,45.64
93,-9801.336631,45.09
92.37,-9736.233975,45.05
92.14,-9790.13281,45.28
92.34,-9784.759436,45.58
92.85,-9832.045696,44.43
92.74,-9876.903895,44.07
92.72,-9775.855689,42.66
93.07,-9813.659034,42.01
93.44,-9785.474257,39.78
93.25,-9821.275251,40.79
93.34,-9842.611519,40.06
93.33,-9900.619253,39.83
93.05,-9980.391935,39.61
93.05,-9951.964432,40.53
93.21,-9951.173768,42.22
92.97,-9933.582902,43.3
92.93,-9963.593501,43.15
93.66,-9928.59026,41.44
93.99,-9977.719256,41.72
94.39,-9974.64274,41.77
94.35,-9946.989008,41.94
94.64,-9857.232419,41.92
94.28,-9867.530498,42.43
93.89,-9865.064106,41.03
93.89,-9783.657392,40.95
93.71,-9813.03898,40.93
93.84,-9801.756394,39.27
93.51,-9685.640164,41.29
93.69,-9764.625459,42.65
93.63,-9671.646014,41.99
93.61,-9517.180771,43.34
93.06,-9450.032934,42.85
93.06,-9451.322572,41.72
93.53,-9428.832796,42.45
93.38,-9399.698917,43.32
93.86,-9395.677523,43.16
93.68,-9344.43874,42.93
93.43,-9335.181129,42.62
93.07,-9338.207471,43.16
92.61,-9397.354628,41.73
92.95,-9296.428529,42.46
92.77,-9262.726962,41.77
93.05,-9177.13992,40.46
92.94,-9152.900659,41.2
93.41,-9118.274294,39.12
93.95,-9137.385162,37.65
94.04,-9105.604009,37.46
94.13,-9071.81025,38.97
93.55,-9096.200761,39.71
93.41,-9122.150906,41.23
92.53,-9139.08453,40.93
92.23,-9115.560183,39.45
92.72,-9160.114697,42.4
92.75,-9176.597436,43.61
93.04,-9175.794159,43.8
92.96,-9162.135556,43.53
92.75,-9110.391052,42.78
92.64,-9098.098657,43.82
92.42,-9025.015301,43.75
92.32,-9050.126183,44.34
92.29,-9039.196758,44.2
92.39,-8978.490912,44.96
92.5,-9039.587052,46.06
92.23,-9050.05578,47.86
91.99,-9081.533445,48.61
91.99,-9082.235641,47.8
91.79,-9110.652764,48.18
91.87,-9158.742884,47.59
91.31,-9271.514562,47.42
91.12,-9264.756987,48.25
90.71,-9326.419109,48.71
90.7,-9210.466933,49.25
90.79,-9160.238053,48.79
90.97,-9249.508678,48.84
91.09,-9264.770569,48.86
90.82,-9260.192214,50.25
90.98,-9241.527346,49.97
90.71,-9182.327168,50.29
90.47,-9217.304362,50.76
90.45,-9202.053595,51.08
89.82,-9213.431066,51.5
90.02,-9168.196075,52.26
90.04,-9203.18217,50.91
90.65,-9228.862551,50.08
90.41,-9219.424269,51.2
90.32,-9204.228908,51.29
90.34,-9176.245544,50.86
89.99,-9158.865998,51.09
89.68,-9137.215549,51.34
89.93,-9121.787953,51.8
89.87,-9062.752911,51.09
89.44,-9043.287383,53.6
89.53,-9016.161022,54.3
89.83,-8991.782551,54.38
90.1,-8974.728768,55.99
90.47,-8972.792239,55.66
90.09,-8950.615097,56.58
90.36,-8784.419294,56.06
90.24,-8589.957424,56.42
90.77,-8540.580438,55.1
90.77,-8454.823702,54.75
90.5,-8450.952199,55.9
90.47,-8414.767904,56.08
90.13,-8433.009041,56.1
90.24,-8444.432566,55.41
90.39,-8329.917016,55.88
90.17,-8356.387528,55.91
90.65,-8325.777266,55.81
90.45,-8409.948056,55.53
90.58,-8507.877191,55.88
90.98,-8580.645594,56.35
91.2,-8597.144861,57.46
91.17,-8507.235598,58.46
91.53,-8421.273874,58.84
91.04,-8438.959024,59.34
90.93,-8422.203638,60.56
90.44,-8402.951535,61.09
90.37,-8185.730196,61.47
90.42,-8143.161044,61.14
90.48,-8052.394398,62.43
90.37,-8064.291752,63.3
90.51,-7985.124702,63.35
90.95,-7958.237459,64.34
90.59,-7900.897306,63.93
90.36,-7968.880796,62.91
90.01,-8016.609683,65.24
90.17,-8109.086852,65.37
90.18,-8097.300182,67.04
90.13,-8105.650174,66.88
90.88,-8112.996885,66.13
91.04,-7928.807103,63.69
90.78,-7966.996767,62.7
90.95,-7960.815153,64.07
91.63,-7888.811339,66.74
91.98,-7862.383828,69.36
92.31,-7837.605851,68.24
91.96,-7792.463361,67.52
91.82,-7959.839564,67.9
91.42,-7662.869076,69.63
91.68,-7642.964204,69.22
91.83,-7559.84284,68.88
91.86,-7492.313421,68.39
91.44,-7469.849775,68
91.86,-7444.140336,63.28
91.92,-7393.648324,64.53
91.74,-7456.797393,64.62
92.34,-7509.207168,60.79
92.53,-7412.079181,64.41
92.53,-7465.883434,61.95
92.77,-7414.117065,64.57
92.94,-7407.127842,64.98
93.3,-7340.0272,64.14
93.23,-7305.323887,63.54
92.93,-7288.124587,64.86
